,,,,,,,,,,,,,,,,,,
,EVOLUTIONARY MAP OF PROFESSIONAL DEVELOPMENT,,,,,,,,,,,,,,,,,
, v1.0,,,,,,,,,,,,,,,,,
,,,,,,,,,,,,,,,,,,
,,,,,,,,,,,,,,,,,,
,,,,,,,,,,,,,,,,,,
,,,,,,,,,,,,,,,,,,
,,,,,,,,,,,,,,,,,,
,,,,,,,,,,,,,,,,,,
,,,,,,,,,,,,,,,,,,
,,,,,,,,,,,,,,,,,,
,,,,,,,,,,,,,,,,,,
,,,,,,,,,,,,,,,,,,
,,,,,,,,,,,,,,,,,,
,EMPLOYEE STAGES,,,,,,,ENTREPRENEUR STAGES,,,FOUNDER STAGES,,,,INVESTOR / MENTOR STAGES,,,
,,,Stage 1: Dependent Contributor,Stage 2: Emerging Self-Starter,Stage 3: Proactive Problem Solver,Stage 4: Autonomous Operator,Stage 5: Intrapreneurial Leader,Stage 6: Aspiring Entrepreneur,Stage 7: Emerging Entrepreneur,Stage 8: Scaling Entrepreneur,Stage 9: Innovative Founder,Stage 10: Growth-Oriented Founder,Stage 11: Visionary Leader,Stage 12: Serial Founder and Mentor,Stage 13: Strategic Advisor,Stage 14: Angel Investor,Stage 15: Venture Capitalist / Impact Investor,Stage 16: Legacy Builder and Philanthropist
,,,"Begins with minimal work experience, relies heavily on direct instructions, and requires close supervision to complete tasks","Starts taking initiative by completing assigned tasks reliably, seeks clarification when needed, and proactively reports completion","Identifies problems within their scope, suggests solutions, and takes initiative to improve processes with some guidance","Manages tasks independently, solves problems proactively without supervision, and reports progress periodically, reducing the need for oversight","Takes ownership of entire areas of work, innovates within their role to add value, mentors others, and contributes strategically to organizational goals","Pursues independent projects or side ventures, experiments with ideas, and begins to understand market needs and entrepreneurial principles","Launches a startup or small business, starts generating revenue, builds a customer base, and navigates initial business challenges","Successfully grows the business, scales operations to meet increasing demand, implements systems for sustainability, and expands the team and market presence","Launches a scalable and innovative startup with a strong vision, applies best practices, and focuses on creating significant market impact","Achieves product-market fit, accelerates growth, manages increasing operational complexity, and focuses on customer acquisition and retention","Positions the company as a market or industry leader, drives innovation, shapes market trends, and mentors emerging leaders","Repeats entrepreneurial success across multiple ventures, refines effective startup methodologies, invests in or advises other startups, and contributes significantly to the entrepreneurial ecosystem","Begins sharing expertise to guide others, focusing on mentorship and advisory roles","Invests personal resources in early-stage ventures, combining financial support with mentorship","Manages larger-scale investments aimed at significant impact, often in collaboration with others",Focuses on creating a lasting legacy through substantial contributions to societal well-being
,,Characteristics,"Waits for specific instructions; highly reactive.
Does not seek clarification when confused.
Fails to report task completion proactively.","Completes assigned tasks with higher success rates.
Proactively reports task completion and seeks new tasks.
Asks questions to clarify uncertainties.","Identifies problems and suggests potential solutions.
Takes initiative with minimal supervision.
Demonstrates increased productivity.","Manages tasks independently.
Reports progress in batches, reducing need for supervision.
Begins to manage small projects or initiatives.","Takes ownership of entire areas of work.
Innovates to add value and improve processes.
Mentors and guides junior employees.","Pursues side projects or business ideas.
Seeks knowledge, resources, and networks.
Balances experimentation with learning.","Launches a startup or small business.
Begins generating revenue and building a customer base.
Faces and navigates initial business hurdles.","Successfully scales operations to meet demand.
Implements systems for sustainable growth.
Expands team and organizational capacity.","Launches a scalable and innovative startup.
Applies best practices while fostering unique approaches.
Focuses on creating significant market impact.","Achieves product-market fit and accelerates growth.
Manages increasing complexity with agility.
Focuses on customer acquisition and retention.","Positions the company as an industry leader.
Drives innovation and shapes market trends.
Mentors emerging leaders and entrepreneurs.","Repeats entrepreneurial success across multiple ventures.
Embodies and refines effective startup methodologies.
Actively invests in or advises other startups.
","Provides mentorship and advice to startups and emerging leaders.
Joins advisory boards to offer strategic guidance.
Shares insights from personal experience to help others navigate challenges.","Invests personal capital into early-stage startups.
Offers not just funds but also mentorship and networking opportunities.
Selects ventures that align with personal values and vision.","Manages or contributes to investment funds focused on scaling impactful ventures.
Influences industry trends through strategic investments.
Champions causes such as sustainability, social justice, or technological advancement.","Establishes foundations or initiatives to address societal challenges.
Engages in significant philanthropic efforts.
Works to inspire systemic change at the societal or global level."
,,Inner Growth,"Self-Awareness: Limited understanding of personal work habits and impact.
Mindset: Relies heavily on external direction; lacks initiative.
Emotional Intelligence: Minimal recognition of team dynamics.","Self-Confidence: Begins to trust own abilities.
Communication: Understands the importance of clear dialogue.
Learning Orientation: Starts to seek feedback for improvement.","Initiative: Takes ownership of tasks and seeks efficiencies.
Critical Thinking: Begins to analyze and improve processes.
Self-Motivation: Driven by internal goals and standards.","Accountability: Fully owns responsibilities and outcomes.
Time Management: Efficiently prioritizes and organizes work.
Adaptability: Adjusts to changing demands seamlessly.","Leadership Mindset: Sees oneself as a leader within the organization.
Strategic Thinking: Aligns personal goals with organizational objectives.
Emotional Intelligence: Empathizes and connects deeply with team members.","Self-Belief: Cultivates confidence to pursue independent ventures.
Passion Discovery: Identifies personal drivers and motivations.
Risk Tolerance: Becomes comfortable with uncertainty.","Resilience: Learns from failures and persists through challenges.
Adaptability: Adjusts strategies based on feedback and results.
Growth Mindset: Embraces continuous learning and improvement.","Vision Expansion: Broadens the scope of business aspirations.
Leadership Development: Builds and nurtures a capable team.
Ethical Foundation: Aligns business practices with personal values.","Self-Actualization: Pursues a mission aligned with personal purpose.
Creative Confidence: Trusts in personal ingenuity to drive innovation.
Holistic Thinking: Considers broader impact on society and industry.","Strategic Mindset: Balances vision with operational demands.
Empathy: Deepens understanding of customer and employee needs.
Integrity: Upholds ethical standards amid growth pressures.","Legacy Building: Thinks beyond immediate success to long-term impact.
Mentorship: Invests in developing others within and beyond the organization.
Self-Reflection: Regularly evaluates personal growth and leadership journey.","Mastery: Achieves high levels of expertise and insight.
Altruism: Prioritizes giving back to the community.
Continual Growth: Remains open to learning and evolving.
","Reflective Wisdom: Draws upon accumulated knowledge to guide others.
Altruism: Motivated by a desire to contribute to others' success.
Humility: Recognizes the limits of one's own knowledge and remains open to learning.","Stewardship: Takes responsibility for nurturing new ventures.
Risk Assessment: Develops keen insight into evaluating opportunities.
Patience: Understands the long-term nature of investments and impact.","Global Perspective: Seeks to create systemic change through investments.
Ethical Leadership: Prioritizes ethical considerations in investment decisions.
Collaborative Influence: Works with other investors to amplify impact.","Transcendence: Moves beyond personal success to focus on legacy and lasting impact.
Generativity: Seeks to empower future generations.
Inner Fulfillment: Finds meaning in contributing to the greater good."
,,Self-Assessment Focus,"Recognizing the need for personal responsibility.
Identifying areas for basic skill improvement.","Reflecting on task performance and outcomes.
Setting personal improvement goals.
","Evaluating problem-solving strategies.
Recognizing the impact of personal contributions.","Monitoring personal productivity and effectiveness.
Identifying strengths and areas for growth.","Reflecting on leadership style and impact.
Seeking feedback to enhance team performance.","Assessing personal strengths and weaknesses.
Understanding market needs relative to personal vision.","Evaluating business performance and personal leadership.
Identifying opportunities for pivoting or scaling.","Assessing leadership effectiveness and company culture.
Ensuring alignment between personal and business ethics.","Reflecting on personal mission and its alignment with business goals.
Evaluating innovative capabilities and openness to new ideas.","Analyzing the effectiveness of growth strategies.
Assessing the health of organizational culture and morale.","Reflecting on personal and organizational legacy.
Identifying ways to contribute to industry advancement.
","Evaluating the impact of mentorship and investments.
Reflecting on personal fulfillment and future aspirations.","Evaluating the effectiveness of advisory roles.
Reflecting on the balance between guiding and allowing others to lead.","Assessing investment criteria and decision-making processes.
Reflecting on the alignment between investments and personal impact goals.","Evaluating the social and environmental impact of investments.
Reflecting on leadership role within the investment community.","Reflecting on the desired legacy and how current actions contribute to it.
Assessing the sustainability and long-term impact of philanthropic efforts."
,,Development Goals,"Building foundational discipline and work ethic.
Cultivating a proactive mindset.","Enhancing communication and interpersonal skills.
Developing a habit of continuous learning.","Strengthening analytical and decision-making skills.
Fostering innovation and creativity.","Enhancing self-management and organizational skills.
Building resilience and adaptability.","Developing strategic and visionary thinking.
Enhancing coaching and mentoring abilities.","Building entrepreneurial knowledge and skills.
Developing a clear value proposition.","Refining products or services based on market feedback.
Strengthening business acumen and financial literacy.","Enhancing strategic planning and execution.
Fostering a strong, values-driven organizational culture.","Enhancing visionary leadership.
Building a strong, purpose-driven organizational foundation.","Strengthening strategic leadership skills.
Enhancing stakeholder relationships.
","Expanding influence responsibly.
Promoting sustainability and social responsibility.","Sharing knowledge and fostering innovation in others.
Pursuing new challenges to drive personal and industry growth.","Enhancing coaching and mentoring skills.
Learning to adapt advice to diverse contexts and personalities.","Improving financial acumen related to venture investing.
Building a diversified investment portfolio that reflects personal mission.","Deepening understanding of global issues and how business can address them.
Building partnerships to enhance investment impact.","Strategizing for maximal long-term impact.
Ensuring initiatives are set up to continue beyond personal involvement."